,x,y
0,27.2,-1.0659325739778561e-13
1,27.10661035530604,-1.9973670194509745
2,26.866626090796203,-3.9824618649067927
3,26.4812403603609,-5.944519249440243
4,25.952437963906554,-7.872875209277083
5,25.282987469540476,-9.757025429228932
6,24.476429029652742,-11.586682999362313
7,23.537057928417685,-13.351835285275506
8,22.469903922507925,-15.042799594606581
9,21.280706459744472,-16.650277328141158
10,19.975885883965482,-18.165406308712427
11,18.562510757196485,-19.579810988858767
12,17.048261452600244,-20.885650247377825
13,15.441390193459986,-22.07566249578925
14,13.750677734450308,-23.14320782825953
15,11.985386901578941,-24.082306962661185
16,10.155213226320315,-24.887676736085023
17,8.270232927466914,-25.554761935243405
18,6.340848511021504,-26.0797632606927
19,4.377732273877318,-26.459661243604955
20,2.391768011078026,-26.692235954799408
21,0.39399123889999016,-26.776082367846428
22,-1.6044717431263302,-26.71062126112772
23,-3.592465618968619,-26.496105567684893
24,-5.558868311953313,-26.13362210637983
25,-7.492653384474368,-25.625088653198183
26,-9.382952232631121,-24.973246337312805
27,-11.219115725090953,-24.181647372654044
28,-12.990774935676008,-23.254638162058885
29,-14.687900621336436,-22.197337837449346
30,-16.300861101326866,-21.015612325773557
31,-17.820478199546457,-19.71604405647714
32,-19.238080920115646,-18.305897451913275
33,-20.545556536328828,-16.793080367193188
34,-21.735398785101925,-15.186101670380925
35,-22.80075287289123,-13.494025177487998
36,-23.73545701471863,-11.726420179302337
37,-24.53408024535175,-9.893308818528178
38,-25.19195626075852,-8.00511059590701
39,-25.705213068612863,-6.072584302768478
40,-26.0707982487428,-4.106767694766305
41,-26.286499647915242,-2.118915237175011
42,-26.350961358081666,-0.12043426604891055
43,-26.263694853069037,1.8771800783868933
44,-26.025085185540156,3.8624107796341174
45,-25.636392173724886,5.823785359465216
46,-25.099746535793816,7.7499423984743325
47,-24.418140958645843,9.629697778076912
48,-23.595416117152453,11.452110257710089
49,-22.63624168938452,13.206546001495095
50,-21.546092442858576,14.882741671412722
51,-20.331219496215155,16.470865709077433
52,-18.998616889830014,17.96157743546427
53,-17.555983627430834,19.346083607510778
54,-16.011681378739663,20.616192082241206
55,-14.374688060104969,21.764362253090717
56,-12.654547537285442,22.78375193841663
57,-10.861315716363437,23.66826042240402
58,-9.00550331745605,24.41256736507423
59,-7.098015643139531,25.012167323524423
60,-5.150089676885612,25.463399648108805
61,-3.173228864643622,25.76347354327436
62,-1.1791359496918206,25.91048810949119
63,0.8203557542821153,25.903447210913765
64,2.813352254213029,25.74226904282419
65,4.787969524675623,25.427790303382153
66,6.732404494622279,24.961764905570696
67,8.635005951845125,24.346857197304118
68,10.484344939899028,23.586629690269646
69,12.26928422146629,22.685525331023516
70,13.979046383949996,21.648844380955204
71,15.603280167457813,20.482716004774833
72,17.132124602284183,19.194064699973215
73,18.556270552513432,17.79057173204971
74,19.867019274444633,16.280631771974033
75,21.056337613063448,14.673304963211452
76,22.116909476819334,12.978264675396328
77,23.042183250310046,11.205741230300449
78,23.82641482613035,9.366461912845725
79,24.46470596097018,7.471587605387983
80,24.95303768691413,5.532646407222211
81,25.288298536711693,3.56146462297123
82,25.468307371359632,1.5700955231686775
83,25.49183062954616,-0.42925370232336657
84,25.358593851147912,-2.424296362430075
85,25.069287360887255,-4.40274160647095
86,24.62556603323506,-6.352370231395214
87,24.030043095497323,-8.261110489685127
88,23.286277962527418,-10.117113428704284
89,22.398758133451835,-11.908827290827181
90,21.372875217958654,-13.625070505173912
91,20.214895196837702,-15.255102806204677
92,18.93192305837364,-16.788694021770727
93,17.531861988597033,-18.216190083548504
94,16.023367329129396,-19.528575825959358
95,14.415795551098487,-20.717534155780157
96,12.719148527207693,-21.77550119349659
97,10.944013416218382,-22.695717009050533
98,9.101498504669967,-23.472271598829913
99,7.203165379397066,-24.100145777442524
100,5.260957831083495,-24.575246686874465
101,3.2871279135453757,-24.894437656891327
102,1.2941596054835856,-25.055562183832233
103,-0.705309459142087,-25.057461830098877
104,-2.698567709231728,-24.899987883429326
105,-4.672910306499915,-24.58400665328549
106,-6.615720259800568,-24.111398321123698
107,-8.514549468688614,-23.485049301740915
108,-10.357199176639313,-22.708838114037334
109,-12.131799313171578,-21.7876148011592
110,-13.826886206272292,-20.727173981829175
111,-15.431478152066163,-19.53422165644683
112,-16.9351483375483,-18.216335933013603
113,-18.328094624467383,-16.781921878795885
114,-19.60120571801931,-15.240160743639901
115,-20.746123262851093,-13.600953839717423
116,-21.755299430914597,-11.874861399923848
117,-22.622049590810576,-10.073036772952761
118,-23.340599676351278,-8.207156346923
119,-23.906127902962268,-6.289345625126349
120,-24.31480051408669,-4.332101906765801
121,-24.563801275780794,-2.3482140521952566
122,-24.651354475966418,-0.3506798359988153
123,-24.576741225134082,1.6473785879653051
124,-24.340308897423483,3.6328005678672577
125,-23.943473594689664,5.592473625662765
126,-23.388715561133456,7.513420352704964
127,-22.679567522040717,9.382884955579677
128,-21.82059596686387,11.188418875151335
129,-20.817375443964924,12.917964902298337
130,-19.676455981543658,14.559939218087138
131,-18.405323796249935,16.103310794324813
132,-17.012355497453473,17.537677602434094
133,-15.506766040739581,18.853339094492327
134,-13.898550728664599,20.04136443990467
135,-12.198421599770171,21.09365602454749
136,-10.417738588048223,22.003007746162076
137,-8.568435874135796,22.763157670198872
138,-6.662943886249671,23.368834644021163
139,-4.714107442910488,23.8157985042269
140,-2.7351005606398253,24.100873551598195
141,-0.7393384777412901,24.221975010634292
142,1.2596125301779078,24.178128235495933
143,3.248126946417419,23.969480471232
144,5.212612807516436,23.597305028063765
145,7.139604869018135,23.063997776974432
146,9.015857507049585,22.37306592655828
147,10.828436715408928,21.529109093691975
148,12.564810557530256,20.537792733746283
149,14.212937436776576,19.405814049403112
150,15.76135155654163,18.14086055075702
151,17.199244958090027,16.751561489003134
152,18.516545530978593,15.247432446604114
153,19.703990430310387,13.638813402660633
154,20.753194343292307,11.936800655354242
155,21.656712088552524,10.153173021567815
156,22.408095062228256,8.300312780953945
157,23.001941083378245,6.391121872953655
158,23.433937232880268,4.438933893870421
159,23.700895324957536,2.457422476326285
160,23.80077969855688,0.46050666497913967
161,23.732727066677597,-1.537746069987059
162,23.497058215113316,-3.5232185166644463
163,23.095281397570442,-5.481843418553379
164,22.530087331405383,-7.399703486671795
165,21.805335756898256,-9.263131018656297
166,20.92603358265695,-11.058806412170508
167,19.898304700001518,-12.773854860272804
168,18.729351609611445,-14.395940521797625
169,17.427409063874126,-15.913357470370515
170,16.001689987834823,-17.315116741350828
171,14.462323999972762,-18.591028816767654
172,12.820288910768461,-19.73178091411026
173,11.087335631770639,-20.729008475521198
174,9.275906980180872,-21.575360289387515
175,7.3990509134156355,-22.264556716348867
176,5.470328774333169,-22.791440536086554
177,3.5037191703834556,-23.15201997970798
178,1.5135181485028277,-23.343503564779557
179,-0.4857636381602227,-23.3643264057561
180,-2.4795060460279443,-23.21416773137539
181,-4.453086089073986,-22.893959402124775
182,-6.391985349232909,-22.405885284741657
183,-8.28189736542653,-21.753371406445186
184,-10.10883420896015,-20.94106687875202
185,-11.85923145033554,-19.97481564883577
186,-13.520050725693507,-18.861619204947658
187,-15.0788791201532,-17.60959043094218
188,-16.52402460034945,-16.227898872900433
189,-17.844606749364882,-14.72670774775679
190,-19.03064208405692,-13.117103089123441
191,-20.07312326726928,-11.411015488737663
192,-20.964091565526694,-9.621134952552392
193,-21.696701946277592,-7.760819448010788
194,-22.26528025736427,-5.8439977729707255
195,-22.665371984852097,-3.8850674266500507
196,-22.89378214333008,-1.898788208362053
197,-22.948605914911,0.09982768963990024
198,-22.82924971902996,2.0956282936717074
199,-22.536442464294595,4.073436333285525
200,-22.072236805627536,6.018164744224093
201,-21.440000304236577,7.91493231731235
202,-20.644396464031686,9.749178609875514
203,-19.691355695415375,11.50677723186821
204,-18.58803633533606,13.17414662123028
205,-17.342775930464185,14.738357432238594
206,-15.965033068207081,16.18723567626064
207,-14.465320115540953,17.50946077856545
208,-12.855127301978186,18.69465774240474
209,-11.146838653503213,19.73348265017515
210,-9.353640354579431,20.617700773071103
211,-7.489422180714199,21.340256610256144
212,-5.568672705719072,21.895335233670007
213,-3.6063690447404286,22.27841437538851
214,-1.6178619458810308,22.486306760511553
215,0.3812429106872596,22.51719225942926
216,2.375206507281224,22.37063950853295
217,4.34828004467972,22.047616727466472
218,6.284829500776208,21.550491543296626
219,8.16946021390825,20.88301971691309
220,9.987140501113627,20.050322753916323
221,11.723323317506882,19.058854470566228
222,13.36406496682614,17.916356674342858
223,14.896139884989724,16.631804207636296
224,16.30715053832773,15.21533969129899
225,17.58563150593418,13.67819839156377
226,18.72114685127318,12.032623718403881
227,19.704379931565185,10.291773945100028
228,20.527214844388936,8.469620816847621
229,21.182808769044154,6.580840790022384
230,21.665654525203152,4.6406997125151666
231,21.97163274279152,2.664931818749997
232,22.098053114426556,0.6696139699754533
233,22.043684284564534,-1.3289638794023857
234,21.808772017171385,-3.314430965801413
235,21.39504537560589,-5.270469692019231
236,20.80571074379842,-7.180950208756065
237,20.04543361599363,-9.030064498173342
238,19.120308182543514,-10.802458846092025
239,18.037814840679776,-12.483363589078943
240,16.806765861055972,-14.058719031524994
241,15.437239542273336,-15.515296446025443
242,13.940503285751955,-16.84081309789234
243,12.328926121303152,-18.02404027142344
244,10.615881308762162,-19.05490332144009
245,8.81563973219764,-19.924572828376718
246,6.943254889672413,-20.6255459985537
247,5.014440362513739,-21.15171752278033
248,3.0454407227624056,-21.49843918567254
249,1.0528969051548835,-21.66256760448941
250,-0.9462928700063795,-21.64249956927061
251,-2.9351154851138483,-21.43819455493146
252,-4.896587443955544,-21.05118407998919
253,-6.813900306930446,-20.48456769495903
254,-8.670565805499365,-19.74299549531996
255,-10.450559385558424,-18.83263716839596
256,-12.13846092690475,-17.761137699610266
257,-13.719591394279977,-16.537559980347343
258,-15.180144194653225,-15.172314676121006
259,-16.507310045507484,-13.677077828881602
260,-17.689394199863013,-12.064696780055462
261,-18.715924925408284,-10.349085110300011
262,-19.577752197183646,-8.545107396938162
263,-20.26713563539575,-6.668454689628217
264,-20.77782080169449,-4.7355116980377945
265,-21.10510305805378,-2.7632167712173596
266,-21.24587829164073,-0.7689158260927906
267,-21.198679915996934,1.2297885487948548
268,-20.963701672687186,3.215191529259847
269,-20.542805877405957,5.1696426977013
270,-19.939516879413738,7.075703520818592
271,-19.158999632075687,8.916304266410567
272,-18.20802340412509,10.6748989492625
273,-17.094910794924115,12.335616895020555
274,-15.829472351308938,13.883409522457999
275,-14.42292721734071,15.304190968897746
276,-12.887810380272606,16.584971220672582
277,-11.237867205010886,17.71398046036949
278,-9.487936074103052,18.68078340493918
279,-7.653820069590115,19.4763824832526
280,-5.752148745746728,20.09330878787743
281,-3.800231146628774,20.52569983317389
282,-1.8159013183545485,20.769363259576494
283,0.18264234787566314,20.821825741340103
284,2.177002530867715,20.682366481190204
285,4.1487516781289635,20.352034809219756
286,6.079602462952969,19.833651543928976
287,7.95157843729451,19.131793919326686
288,9.74718329437503,18.25276403224925
289,11.449567145917896,17.20454091718474
290,13.042688224656827,15.996716510527058
291,14.511468443566194,14.64041592083476
292,15.84194127842015,13.148202575715231
293,17.02139049323164,11.533968964487213
294,18.03847829028788,9.812813845340488
295,18.88336155033262,8.000906922880464
296,19.547794920500564,6.115342137131468
297,20.025219616008275,4.173980829043258
298,20.310836921792365,2.195286162251834
299,20.40166551230502,0.1981502841861455
300,20.296581850386396,-1.7982841995278986
301,19.996343078371417,-3.7748067861810153
302,19.50359197506468,-5.712323958798691
303,18.822843719552427,-7.592044629725916
304,17.960454375512807,-9.39566435322639
305,16.92457118617747,-11.105546501374095
306,15.72506494872773,-12.704898600952903
307,14.37344491598853,-14.177942050165514
308,12.882756851050964,-15.510073472877464
309,11.267465035151282,-16.68801602482655
310,9.543319198971476,-17.699959040527073
311,7.727207510723538,-18.535684501109756
312,5.8369969091961735,-19.186678911491537
313,3.8913622146700417,-19.646229299333317
314,1.9096055835886943,-19.909502187305815
315,-0.08853200743433744,-19.973604543149765
316,-2.083065457783576,-19.837625877649355
317,-4.053964539908604,-19.50266083752168
318,-5.981355246562407,-18.97181182681568
319,-7.845721484483433,-18.250171385023595
320,-9.628105077102319,-17.34478425093337
321,-11.31030202527107,-16.26458924637627
322,-12.875052982037998,-15.020341321460762
323,-14.30622592552722,-13.62451431054683
324,-15.588989063133516,-12.091185154004247
325,-16.709972926210167,-10.4358991295287
326,-17.657414574319976,-8.675525629857056
327,-18.421295745415463,-6.828085113503224
328,-18.993454504931066,-4.9125776621244786
329,-19.367685740973105,-2.948784799709697
330,-19.539816594998474,-0.95707884714075
331,-19.507766452977584,1.0417919774167934
332,-19.271582953439964,3.026916466200018
333,-18.833456582957364,4.977438756527916
334,-18.197712860895557,6.872778257704858
335,-17.37078190806578,8.692848868982104
336,-16.361145430098258,10.418275158686962
337,-15.179261386636718,12.030603170092864
338,-13.837466859334317,13.512503539854178
339,-12.349859872583139,14.8479646601559
340,-10.732161158316037,16.022473686219396
341,-9.001557087463258,17.023183286231454
342,-7.176525213103724,17.83906215064748
343,-5.276644081418687,18.46102742140799
344,-3.3223891636890044,18.88205736786246
345,-1.334916943368657,19.097282823795613
346,0.664160645689917,19.104056107355696
347,2.6530090925892296,18.901996371029615
348,4.6098090387902415,18.493010570051283
349,6.512996314473384,17.88128949245409
350,8.341501665513025,17.073278559884773
351,10.074987515093197,16.0776233825921
352,11.694079093069275,14.905090331831154
353,13.1805872847134,13.56846267529883
354,14.51772059894757,12.082413103036261
355,15.69028373468303,10.463353749347752
356,16.684860332284096,8.729265087457785
357,17.48997763488143,6.89950533467516
358,18.096250950416458,4.994602253560364
359,18.496505998673197,3.0360294658744427
360,18.685877446561975,1.045969607940864
361,18.66188217767093,-0.9529331544074844
362,18.424466106364,-2.9378285685754006
363,17.97602362994706,-4.885920875843324
364,17.3213891118293,-6.774731602685064
365,16.467800101102075,-8.58236155976143
366,15.424832316220227,-10.287749003046532
367,14.204306748998686,-11.870920903495504
368,12.820169576241263,-13.313234299055116
369,11.288345896192514,-14.597604766149004
370,9.626568631746624,-15.708719147158176
371,7.854184258021353,-16.633229805550314
372,5.991937314557342,-17.359927850458014
373,4.06173594814997,-17.87989297648108
374,2.086400997342802,-18.18661780069537
375,0.0894013702766795,-18.276104845241285
376,-1.9054213196114225,-18.146934608001622
377,-3.8741357137967656,-17.800303482891515
378,-5.793007970822243,-17.24003063195335
379,-7.638789925351325,-16.47253327018801
380,-9.38900466686586,-15.506770196959165
381,-11.022226029260867,-14.354153790700249
382,-12.51834849320716,-13.028431072110124
383,-13.858844056794451,-11.545534830426194
384,-15.027002727036567,-9.923406192965114
385,-16.008153425218577,-8.181790395073023
386,-16.789862282144195,-6.342007871045804
387,-17.36210552388798,-4.426703131639587
388,-17.717414412941928,-2.4595742157239626
389,-17.850990011372364,-0.4650857978240789
390,-17.760785868934953,1.5318307046167037
391,-17.447557106698696,3.5060864545637593
392,-16.914874761765468,5.432750193779598
393,-16.16910467684208,7.28736501827158
394,-15.219350655020238,9.046262936640366
395,-14.07736205005519,10.686873169742553
396,-12.757406420304104,12.18802015324934
397,-11.276108334617655,13.530207259732396
398,-9.652255875020249,14.695882364468154
399,-7.906576827955173,15.669681539233416
400,-6.061486987194865,16.438647370242336
401,-4.140813401155834,16.992418658696554
402,-2.1694957794514425,17.323388573054142
403,-0.1732696222511848,17.42682867832755
404,1.821665053994903,17.300976665987328
405,3.7889852548829155,16.947086044282557
406,5.702592453407871,16.369436518207653
407,7.536961420723034,15.575304285621204
408,9.267485812520553,14.574891995270209
409,10.870815832519545,13.381218647340091
410,12.325183307549578,12.009970260837298
411,13.610709584630584,10.479312677879156
412,14.709691801338693,8.809668414119066
413,15.606863283287492,7.0234599926851775
414,16.289624090508266,5.144822704083349
415,16.748238061193423,3.1992902134265693
416,16.975993087055077,1.2134568788938984
417,16.969321794399658,-0.7853789544229577
418,16.72788029469736,-2.769586070161049
419,16.254583202505266,-4.711580995254174
420,15.555593690890007,-6.584212968651722
421,14.640267958069368,-8.361147951417076
422,13.521054106261685,-10.017246267931368
423,12.213346076537116,-11.528928444277073
424,10.735293933142897,-12.874523862564581
425,9.107572438306512,-14.034596980411537
426,7.353110494595101,-14.992246073406639
427,5.4967846470925865,-15.733369744451792
428,3.5650804225026818,-16.246896805528557
429,1.5857258274481874,-16.524975571679484
430,-0.41269817532044306,-16.563119109658555
431,-2.4011649550573444,-16.36030354950952
432,-4.350621634195248,-15.919017189875166
433,-6.23241471065584,-15.245258799690825
434,-8.018715728291268,-14.348484231653329
435,-9.682940706549449,-13.241501207173949
436,-11.200156994287692,-11.940312898335709
437,-12.54747125966729,-10.46391170891155
438,-13.704392470329584,-8.834025432486488
439,-14.653163956376705,-7.074818729480923
440,-15.379058982380432,-5.212553604518914
441,-15.870634681616023,-3.2752132691627183
442,-16.119939722325196,-1.2920944307760491
443,-16.12267167697262,0.7066263553655387
444,-15.878280744557005,2.6903461075472253
445,-15.390017225076313,4.628502004105815
446,-14.664920954825337,6.491044171009987
447,-13.71375177067311,8.248907449626405
448,-12.550860969002496,9.874474772310775
449,-11.194004647758545,11.3420247332239
450,-9.664100754342643,12.628156016944507
451,-7.984932593527226,13.712181540534722
452,-6.182802463296093,14.576485476439908
453,-4.286139967405493,15.206836752848366
454,-2.3250703863834747,15.592653171828697
455,-0.33094925866800085,15.72721093872047
456,1.6641299838174128,15.607795151902227
457,3.6278478799277663,15.235787651339924
458,5.528182360213289,14.616689556489703
459,7.333935399364889,13.76007682670771
460,9.015254318795522,12.67948823618788
461,10.544139035759176,11.392246255034092
462,11.894926573834145,9.919212451517682
463,13.04474431304838,8.284480160005312
464,13.973923768627012,6.515008275770865
465,14.66636714506,4.640201122764384
466,15.109859514250296,2.6914403740023696
467,15.296320207661013,0.7015759672907188
468,15.22198788481626,-1.2956161673169841
469,14.887534733867632,-3.266000985654949
470,14.298106361353229,-5.175666588534829
471,13.463285122528621,-6.991512134935124
472,12.396975913288085,-8.681831333590909
473,11.11721477026735,-10.21688125329909
474,9.645901986003132,-11.569426182215386
475,8.008462818335403,-12.715246436696376
476,6.233440233750513,-13.633602374293055
477,4.35202544849523,-14.307644403658243
478,2.3975332941025287,-14.724760503448591
479,0.404830610574592,-14.876853656477788
480,-1.5902730634587603,-14.760542664678177
481,-3.55166230213346,-14.377281021749049
482,-5.443569127471414,-13.73338986727087
483,-7.231231289824649,-12.840002508951866
484,-8.881543508044318,-11.71291955598068
485,-10.363689484686068,-10.372375330951593
486,-11.649742532145739,-8.842717892916312
487,-12.715222893780611,-7.152006680269522
488,-13.539600323799254,-5.331533438412162
489,-14.106731200843656,-3.4152737014459285
490,-14.405220388114513,-1.439277617197989
491,-14.428699208537825,0.5589896915700704
492,-14.176012263153618,2.5413467812131323
493,-13.651307366434686,4.469621030033324
494,-12.864024581431464,6.306386870277249
495,-11.828782180030345,8.015703073800143
496,-10.565159313001553,9.563834648779446
497,-9.097377183737851,10.919944815893375
498,-7.453882590052028,12.056742665246022
499,-5.666839743364119,12.951072569611453
500,-3.7715382835463083,13.58443217241046
501,-1.805727325735722,13.94340681007802
502,0.19111283668577192,14.020009550687053
503,2.1785481329904592,13.811917619570666
504,4.116002576381163,13.322597816842709
505,5.963588788453703,12.561315583731757
506,7.6829405200543,11.54302461129008
507,9.238029946245772,10.2881362676783
508,10.595952296565942,8.822170605324565
509,11.72766052317929,7.175293249023698
510,12.60863322121014,5.381745009219571
511,13.21945990257899,3.479173557473452
512,13.546328984354975,1.5078788880696758
513,13.581405474166766,-0.4900134850204389
514,13.323087299399289,-2.4714356381227103
515,12.776131506177462,-4.393298958626252
516,11.951644112648223,-6.213435361823713
517,10.866930195026917,-7.891537835963565
518,9.54520376304663,-9.390079499546042
519,8.01516008589443,-10.675190144531724
520,6.31041629720192,-11.71746949081689
521,4.468829265144653,-12.492717108946128
522,2.5317028073710186,-12.982560174925363
523,0.5428992449011978,-13.174961921955031
524,-1.4521269885922121,-13.064595795341244
525,-3.407353569039071,-12.653072908525369
526,-5.277250181940638,-11.949013374717826
527,-7.017850343240178,-10.96795541029569
528,-8.587810273333583,-9.732099708288947
529,-9.949429387946305,-8.269890391471119
530,-11.069606983268374,-6.61543779408197
531,-11.920710316547412,-4.807792300829101
532,-12.481330532105272,-2.890082397447451
533,-12.736904756898227,-0.9085338607259217
534,-12.680185174467471,1.0886094622862403
535,-12.311538950726838,3.0522396654534227
536,-11.639066482701608,4.933587241253661
537,-10.678529509267165,6.6854434555891755
538,-9.453085082907839,8.263372544908828
539,-7.992826160834388,9.626882766988059
540,-6.334134526717697,10.740525212368082
541,-4.518856783888013,11.574889950751833
542,-2.5933191412561936,12.107470569811763
543,-0.6072015123493952,12.323370467318666
544,1.3877040695810345,12.215827364485362
545,3.3388216865669356,11.786536379950437
546,5.194173939480745,11.045756578240754
547,6.903783297802247,10.012191099583193
548,8.421055251938027,8.712636683431773
549,9.704105119839426,7.181404489349401
550,10.716990350083313,5.459520450735997
551,11.43081120485642,3.59371980830308
552,11.824644828641203,1.6352567876668238
553,11.886280913781016,-0.3614435730578584
554,11.61273143403839,-2.3402588602622223
555,11.010492171482845,-4.244930468562445
556,10.095539917870283,-6.020670906605371
557,8.893056164248604,-7.615772486069966
558,7.436875646243551,-8.983170682025081
559,5.76866610234456,-10.081914747460676
560,3.9368538199501106,-10.87849882215485
561,1.995317756172345,-11.348008861196151
562,0.0018829824607614904,-11.475044243256589
563,-1.983348343458842,-11.254377886723068
564,-3.8997835863297814,-10.691325039384884
565,-5.688193261876226,-9.80179850516939
566,-7.292576714750119,-8.61203677294458
567,-8.661981943504914,-7.158001115442056
568,-9.752220402399304,-5.484447985574436
569,-10.52741815403682,-3.6436936686875594
570,-10.961347203453121,-1.6940988355615527
571,-11.038485259229946,0.3016889601379309
572,-10.754758525989228,2.278687043466169
573,-10.117930355475371,4.171667100248063
574,-9.147608522568992,5.91731846830396
575,-7.874855331206465,7.4564156639431545
576,-6.341397408882785,8.735916926262561
577,-4.5984455689119565,9.710919201704433
578,-2.7051491011270756,10.346396121255879
579,-0.7267228399469553,10.618649278973697
580,1.2677011374993952,10.51640955826166
581,3.207432825254703,10.041534335889928
582,5.022719270353902,9.209257989787469
583,6.647290920377668,8.047967009815089
584,8.020868581887079,6.598486822740411
585,9.091536713238131,4.912884754955628
586,9.817888537303208,3.0528118370979462
587,10.170851764866523,1.0874247891640367
588,10.135110715322599,-0.9090521686911075
589,9.710051326348614,-2.8600487849377414
590,8.910169834578586,-4.689561191044424
591,7.764903509197187,-6.325150048548025
592,6.317862297562365,-7.70090961422617
593,4.625463009008232,-8.760287235706182
594,2.75499198486407,-9.458631598200778
595,0.7821472114850304,-9.765351753966
596,-1.2118644503563407,-9.66557783749235
597,-3.143575883130748,-9.161228467802026
598,-4.930734237821877,-8.271409015767173
599,-6.495864095474604,-7.032088787799171
600,-7.769769299054138,-5.495033124427271
601,-8.694816402437533,-3.7259975682455155
602,-9.22784202351156,-1.8022245246112865
603,-9.34253277137136,0.19068308381011995
604,-9.031140202597777,2.1624032584028896
605,-8.30541450434535,4.021912413965741
606,-7.196669016046113,5.681712670853793
607,-5.754922630215011,7.062081111265129
608,-4.047107515105253,8.095138749774794
609,-2.1543740551075565,8.728531144565721
610,-0.16857162624058084,8.92851648162026
611,1.8119692857816012,8.682271386991921
612,3.6871834103217815,7.999250009756352
613,5.360335237250673,6.911467902254276
614,6.7431588252313,5.472628161039286
615,7.760806951886245,3.7560618234583054
616,8.356332779176796,1.8515156569617146
617,8.494430274680708,-0.1391143585079057
618,8.164178058447217,-2.1069395084213136
619,7.380565844140803,-3.9418970958555564
620,6.184633101356186,-5.538947053063816
621,4.642114938164406,-6.804315918736558
622,2.8405684310079717,-7.661426216450183
623,0.8850406092485829,-8.056136037769653
624,-1.1075670895273928,-7.96092167119097
625,-3.0151888908563507,-7.377667577833006
626,-4.718001325924614,-6.338783893703158
627,-6.106131096822915,-4.906451527224219
628,-7.0871895006207986,-3.169896796892589
629,-7.593123822653072,-1.2407176421523751
630,-7.585871221972457,0.7535838354255199
631,-7.061330265786868,2.677569695685839
632,-6.0512322228504765,4.3969080200100725
633,-4.622599106366074,5.787940019422907
634,-2.8746162339888013,6.747127425378294
635,-0.9329187258655902,7.199673550913058
636,1.0585143158532389,7.106594756085068
637,2.947458603453111,6.469555657442986
638,4.58493454194579,5.332876864073615
639,5.837303505360936,3.7822801907449803
640,6.598041020195666,1.9401504761570754
641,6.798169120744615,-0.04264280571813232
642,6.414315766150181,-1.9980209450283908
643,5.473443117681674,-3.7544092086010314
644,4.053458026769142,-5.151922140329544
645,2.2791896817489596,-6.057788119438054
646,0.3135844679566823,-6.380585430026204
647,-1.655590338980703,-6.081772363296203
648,-3.4327529417896154,-5.183039413584389
649,-4.833945070227231,-3.768215739312049
650,-5.706968875271408,-1.9788369835238808
651,-5.9501367418780005,-0.003024080358838239
652,-5.527358551230665,1.9419898962198823
653,-4.477324701743419,3.632560804596695
654,-2.9148498183341243,4.864621346021763
655,-1.0230515240268674,5.480260302783222
656,0.964048788242897,5.391617442358083
657,2.787739977032484,4.598534904967593
658,4.197534387198035,3.196539113448115
659,4.987277080866803,1.3723772855003513
660,5.02971835221409,-0.6144427217490308
661,4.303982415070754,-2.463871164830099
662,2.910186296086368,-3.8788053796396187
663,1.0661901324049343,-4.61486954242621
664,-0.9167144918565261,-4.5291244631258545
665,-2.6793764561974562,-3.618552298735686
666,-3.7883537568160364,-1.9985641317417073
667,-3.6588734619230636,-0.03962891899928222
668,-2.34632182767747,1.420302764993845
669,-0.4121535611158902,1.7567331903628445
670,1.4038028351077205,0.9610630492136626
671,3.1063238835925455,1.6982528585765244
672,2.7917000189248835,3.5266506706906995
673,1.0564810525065012,4.489849916678036
674,-0.9227421699487343,4.637229057293094
675,-2.788189632755533,3.957508343713626
676,-4.223318760756834,2.584580680264655
677,-5.002405254197693,0.7570311884899302
678,-5.01643458426559,-1.2301543094680667
679,-4.27780244173028,-3.075565444800577
680,-2.9068392875452456,-4.515510851668274
681,-1.1050839889834652,-5.357168090731115
682,0.8789669943801511,-5.498075387220783
683,2.786029542934065,-4.93157734567298
684,4.37931128227192,-3.7396643831702248
685,5.471300035090005,-2.0759125792245166
686,5.941844161027561,-0.141921111043883
687,5.746667953215689,1.8391878166755262
688,4.916657884023496,3.6488988234586235
689,3.5491890627182787,5.096318058349588
690,1.7933931282797628,6.036073553741792
691,-0.16840330811562415,6.37991790442724
692,-2.1407884603416063,6.101641742110289
693,-3.934817462361657,5.23560294543698
694,-5.385244142860144,3.869730597617769
695,-6.364118999254874,2.1342501150135695
696,-6.789935877069883,0.18759222844395768
697,-6.632001397890124,-1.7989951269643327
698,-5.910147325093892,-3.656693824579192
699,-4.6902774218728425,-5.232971649496493
700,-3.0765190800150495,-6.403060667226342
701,-1.2009288288462747,-7.078375751188718
702,0.7882184126730309,-7.211507396050089
703,2.7385348801868483,-6.7977248547710465
704,4.5050822840335325,-5.873192848158389
705,5.96059420616695,-4.510323236658604
706,7.003742532210308,-2.8108435752607055
707,7.565033580702699,-0.8972643103397878
708,7.6101254843098385,1.0965328948586253
709,7.140553939781762,3.0348762586392617
710,6.192027057557115,4.7894036570391
711,4.830593266975775,6.247124822756839
712,3.147093822080609,7.317009274787156
713,1.2503811682806587,7.9347971747751105
714,-0.7401832975509713,8.065868412677109
715,-2.702441056052141,7.706138600915711
716,-4.518879790159266,6.881071870971689
717,-6.083387864659543,5.643003713328656
718,-7.306975919526298,4.067048675232034
719,-8.122209867086598,2.2459253847232783
720,-8.486193593067373,0.2840645837700449
721,-8.38203349262505,-1.7086244687999304
722,-7.8188055119232,-3.622965644937791
723,-6.830124418867839,-5.3563723293929675
724,-5.471481413831205,-6.818060369034449
725,-3.816567779035187,-7.933385514531413
726,-1.952837937201047,-8.6471362731105
727,0.023415129114463307,-8.925679066408145
728,2.012195002990207,-8.757917926514097
729,3.91488035932582,-8.15509249156999
730,5.63900190890375,-7.149493147962658
731,7.102504886147406,-5.792218780120569
732,8.237323772609372,-4.1501393277008685
733,8.992140400233838,-2.302251426208724
734,9.334243391807064,-0.3356306127387022
735,9.25045370384901,1.6588117738856267
736,8.747125719131542,3.5905640213605756
737,7.849274084729546,5.373552655854994
738,6.598911857232806,6.929816216577018
739,5.052714430418625,8.192673017857805
740,3.279145497993786,9.109272631802295
741,1.3551956324170855,9.642454123947381
742,-0.6371090275331845,9.771868155095257
743,-2.6142706542874077,9.494353436322802
744,-4.494805494037495,8.823589373071004
745,-6.202513152980568,7.789074946305803
746,-7.669408076226262,6.4345080718125764
747,-8.838212569104897,4.815659211901824
748,-9.664333932814696,2.997847488529748
749,-10.117272941157424,1.0531367979189212
750,-10.181435906787184,-0.942626494242805
751,-9.856346987845429,-2.912813546095129
752,-9.15628029220911,-4.782935355419685
753,-8.109352001609905,-6.483381369453659
754,-6.756130563083034,-7.951881024712122
755,-5.147837536961654,-9.135610131254277
756,-3.344222661899428,-9.992881159436896
757,-1.4112039635416387,-10.494374742048716
758,0.581632696878235,-10.623888338989843
759,2.5635802259995044,-10.378596339559348
760,4.465311939971133,-9.76883327899707
761,6.221253383832494,-8.817427782789702
762,7.771748260031887,-7.558628878790501
763,9.064953253254952,-6.036678087712413
764,10.058408951199288,-4.30408997420441
765,10.72024750969332,-2.419710472869376
766,11.03001168052548,-0.4466262537294613
767,10.979073818160305,1.550000291446358
768,10.570657049780143,3.505097046042414
769,9.819473522176805,5.355779238875113
770,8.751006176224289,7.043313204027637
771,7.400470555778191,8.514889706082954
772,5.811501511094667,9.725158361250013
773,4.034616154447572,10.637484376566857
774,2.1255089829480642,11.224899193561214
775,0.14323768148676919,11.470727299939565
776,-1.851641201015313,11.368882119157803
777,-3.7989286495546417,10.923834183954495
778,-5.6405764198377195,10.15026445935182
779,-7.3223661877386235,9.072424454942533
780,-8.795429270589883,7.723232450027918
781,-10.01756820238773,6.143141588494745
782,-10.954348852511234,4.3788206704376815
783,-11.579939711498385,2.4816921074482607
784,-11.877683169893697,0.5063736986313457
785,-11.84039184132669,-1.490928356367357
786,-11.47037099464199,-3.454028400252316
787,-10.7791757518532,-5.328327294704084
788,-9.787118691949635,-7.062293544715642
789,-8.522549717380969,-8.608821724752694
790,-7.020935363230426,-9.926435239289724
791,-5.323769063614373,-10.980305989012997
792,-3.4773471731215584,-11.743069528226505
793,-1.5314477423604254,-12.195420602649026
794,0.462049834238842,-12.326480367336359
795,2.450566115120385,-12.133932927689779
796,4.3822066042877115,-11.623934960340117
797,6.207095049317849,-10.81080790869926
798,7.878622338945085,-9.716527482033941
799,9.354581694951548,-8.370029809342391
800,10.598164845976733,-6.80635752421998
801,11.578798325158592,-5.065672220970071
802,12.27280381424897,-3.192162084824635
803,12.663871428592936,-1.232875041949741
804,12.743339867716417,0.7634914991623694
805,12.510282318804903,2.7478133113989154
806,11.971401777435904,4.671744235534087
807,11.140743934916628,6.488874624684784
808,10.039239880784828,8.155816825054636
809,8.694094503142264,9.633193858636327
810,7.138039574554395,10.886510614991195
811,5.408473039298411,11.886890358857338
812,3.5465079369111265,12.611663119053096
813,1.5959556913066932,13.044796442081322
814,-0.39773083640731316,13.177162972757472
815,-2.388529076136255,13.006643269666302
816,-4.330908330188819,12.538066086568431
817,-6.180857353163629,11.782991970750599
818,-7.896855644745588,10.759349373573768
819,-9.440768181216624,9.490935471763517
820,-10.778645683565184,8.006796519630411
821,-11.881415223255745,6.3405047265230206
822,-12.725448867055219,4.529350388803306
823,-13.293001147570207,2.613469247619562
824,-13.572509300405565,0.6349258103549358
825,-13.558753378266257,-1.3632263404029474
826,-13.252876463518223,-3.3378864040550336
827,-12.662268190087902,-5.246830156361026
828,-11.800317594718654,-7.049596477017057
829,-10.686043894770766,-8.708318799951291
830,-9.34361609060148,-10.18848539273169
831,-7.8017742786463025,-11.459614362113733
832,-6.093167208477306,-12.49583149412209
833,-4.253621903531647,-13.27634141415636
834,-2.321362079480616,-13.785785039561675
835,-0.3361926330594796,-14.014478838463134
836,1.661332357851529,-13.958533950436712
837,3.6307408732188637,-13.619855715312584
838,5.53245671089595,-13.00602654800349
839,7.328579897444196,-12.130077345859634
840,8.98361901364298,-11.010154681653145
841,10.465162085227313,-9.669092886266569
842,11.74447429107969,-8.13390173263135
843,12.797012517875961,-6.435181774617402
844,13.602848700171531,-4.606480456654402
845,14.146995888928407,-2.6836028740706444
846,14.419633034367482,-0.7038915595413795
847,14.41622654071906,1.2945101748003662
848,14.137548663256334,3.273396879193664
849,13.58959478389359,5.195227519461523
850,12.783403452743837,7.023826487374922
851,11.734784803079794,8.7250464711248
852,10.46396450533009,10.267381652766193
853,8.995151799589147,11.622520943271136
854,7.356041317080357,12.76583235970925
855,5.5772593551250305,13.676771161718118
856,3.6917659979577615,14.33920596373383
857,1.7342249723353325,14.74165869298395
858,-0.2596466082414279,14.87745593902276
859,-2.2537364199873933,14.744790907489278
860,-4.212191018756944,14.346696819163283
861,-6.100054228766125,13.69093415753225
862,-7.883878802549401,12.78979563854273
863,-9.532301088815023,11.659834132231746
864,-11.016569366445465,10.321519987680286
865,-12.311017559985014,8.798835283561743
866,-13.393477221372564,7.118813433076161
867,-14.245621920047686,5.311033304335576
868,-14.853239504085964,3.4070775687107533
869,-15.206429053727513,1.439965357087042
870,-15.299720720923846,-0.5564305124718957
871,-15.132118010470323,-2.547971469297587
872,-14.707063387114207,-4.500836192192616
873,-14.032329367407959,-6.382088921519283
874,-13.119838455412344,-8.160223815327731
875,-11.985416390053231,-9.805676715862456
876,-10.648484173592001,-11.291296450603344
877,-9.131695232271857,-12.592768658465646
878,-7.460524811177678,-13.688986088985223
879,-5.662819317715707,-14.562360351424667
880,-3.7683137964396622,-15.199071172526043
881,-1.8081260393567788,-15.589250336704152
882,0.1857639900557654,-15.72709861162048
883,2.18104071206332,-15.610935086570727
884,4.145576870249069,-15.243179453017731
885,6.047946507382465,-14.63026881896576
886,7.857919002647769,-13.78251165603169
887,9.546926684751217,-12.7138824157911
888,11.088499129721713,-11.441761207655519
889,12.458657938646867,-9.986623693307465
890,13.63626655544155,-8.371687013568984
891,14.603330513587313,-6.622518115418413
892,15.345244378707557,-4.76661128453958
893,15.850982565693508,-2.8329420091127675
894,16.113232139756967,-0.8515045022457167
895,16.128466645358383,1.1471597058871175
896,15.896960931030593,3.1324347271099517
897,15.42274783792887,5.07409758999094
898,14.71351848258051,6.9427728442777354
899,13.780468677883137,8.710367857520747
900,12.638094790161459,10.350482605556477
901,11.303943014560902,11.838788279037843
902,9.798316658103133,13.153369619835448
903,8.143946542675206,14.275026552925693
904,6.365630073832614,15.187531379896779
905,4.489844861868771,15.877838537621704
906,2.544343026875591,16.336244688062845
907,0.5577324687684811,16.556497680658794
908,-1.4409485629011913,16.535853705633535
909,-3.4226573040112425,16.27508272352247
910,-5.358766550016263,15.778423002438403
911,-7.2214730184677505,15.05348630995412
912,-8.98418834425068,14.111115981589707
913,-10.621907420365767,12.96520071428169
914,-12.111549231646036,11.632447503358833
915,-13.432265821346816,10.132117648992493
916,-14.56571557248359,8.48573019745014
917,-15.496297568062227,6.716737549523084
918,-16.211344407651485,4.850178260118506
919,-16.701271492618964,2.912312267290911
920,-16.959681439368126,0.9302439251142949
921,-16.983422929747746,-1.068461726920406
922,-16.772603951400626,-3.0561640434615605
923,-16.33056000950064,-5.005527879544462
924,-15.663778496882374,-6.889895564270915
925,-14.781780984367277,-8.683644812234126
926,-13.696965730162086,-10.36252793417491
927,-12.424413200296513,-11.90398805549899
928,-10.981657835696197,-13.287448448182024
929,-9.388429691356029,-14.494571521275056
930,-7.666369904075922,-15.509484491820844
931,-5.838724217668685,-16.318969261252757
932,-3.930019001694916,-16.912614549277237
933,-1.9657243453046147,-17.2829288756923
934,0.02809111169313106,-17.425413526207823
935,2.0251089308500383,-17.3385951823898
936,3.999108574847172,-17.02401843159663
937,5.9243095235880805,-16.48619889337268
938,7.775703435829667,-15.732538197839673
939,9.529372199279885,-14.773202523257272
940,11.162787974765676,-13.620966838729363
941,12.655091647021218,-12.291027399208396
942,13.987346440765407,-10.80078539932524
943,15.142763840585454,-9.169605006626668
944,16.106899360995854,-7.418549260697555
945,16.86781614298144,-5.570097540249796
946,17.416214799350705,-3.6478484641276
947,17.745528387271573,-1.6762122035598856
948,17.851981846431674,0.3199037581540213
949,17.734615699496512,2.315411375458999
950,17.395274262231915,4.285357300574389
951,16.838559048401205,6.205232747186706
952,16.071748474219735,8.05127419041562
953,15.10468536401264,9.800751318497396
954,13.949634128450942,11.432238874686865
955,12.621109825464533,12.925869287471107
956,11.135681618268245,14.263563279201023
957,9.51175341202061,15.429235963318273
958,7.769324678139849,16.408976283886137
959,5.929734661432325,17.191198013389506
960,4.0153933087070595,17.766760900903122
961,2.0495023577882128,18.129060947856356
962,0.055770082615667765,18.27408917791852
963,-1.9418767961635062,18.200458656209218
964,-3.9195805541769277,17.909399896484164
965,-5.853835848260343,17.404725168724454
966,-7.721765740057758,16.692762579456932
967,-9.501387200142343,15.782261139239534
968,-11.171863113882837,14.684268352447233
969,-12.713738020943424,13.411982160531846
970,-14.109155059048511,11.980579338426354
971,-15.34205184602659,10.407022682233462
972,-16.39833331851361,8.709849532712935
973,-17.26601984725068,6.908944351731723
974,-17.935369263776344,5.025298206539037
975,-18.39897175752503,3.0807581187382014
976,-18.651816931983326,1.0977693007649933
977,-18.691332639695528,-0.9008866673235612
978,-18.517395544751633,-2.89235467344135
979,-18.132313684230727,-4.8539669142261905
980,-17.540781613388692,-6.763498807149831
981,-16.749809019842008,-8.59941714536403
982,-15.768623976515757,-10.341117801652453
983,-14.608552268849724,-11.969150450505822
984,-13.282874476150923,-13.465427965140917
985,-11.806662707781651,-14.813418356615452
986,-10.196599090159928,-15.998317352167097
987,-8.470778268731705,-17.007199956535107
988,-6.648496328879503,-17.829149600213178
989,-4.750028650279109,-18.455363749128015
990,-2.796399289912545,-18.87923512795479
991,-0.8091445395924869,-19.09640799093903
992,1.1899266754512978,-19.104809156534923
993,3.1789728991848882,-18.90465380228467
994,5.136358128414844,-18.49842629115769
995,7.040885122585865,-17.890836567178084
996,8.872021576560464,-17.08875291388435
997,10.610116809736041,-16.101112111469483
998,12.236606764433708,-14.938808255030018
999,13.734205267120192,-13.614561705112399
1000,15.087079685508606,-12.142769830849417
1001,16.28100931062488,-10.53934137382518
1002,17.30352500306114,-8.821516406083775
1003,18.144028864360575,-7.00767397732362
1004,18.79389292516567,-5.117129643549034
1005,19.24653607881562,-3.169925141754406
1006,19.49747872985783,-1.1866125223728443
1007,19.54437486883866,0.8119649267111839
1008,19.387021525218103,2.8048926335455
1009,19.027345786820128,4.771403268840383
1010,18.469370356198542,6.691090001574881
1011,17.719155126632646,8.544121926066758
1012,16.784723132386592,10.311435335113513
1013,15.675961477538143,11.97493271957699
1014,14.404510909451563,13.51765509673465
1015,12.983628888599595,14.923956144081968
1016,11.428046391015076,16.17964753400493
1017,9.753806741784912,17.272134943154796
1018,7.978093494802793,18.190535141288635
1019,6.119048403546764,18.92577460861934
1020,4.195581445273955,19.470668911827843
1021,2.2271749117240303,19.819982274451707
1022,0.23368360897593154,19.970466984969686
1023,-1.764866782345139,19.920882493420837
1024,-3.748481147424006,19.671994252760893
1025,-5.697394171338794,19.226552562361597
1026,-7.592265411667875,18.589251866180337
1027,-9.414368324555067,17.766671145359826
1028,-11.145771446743135,16.76719622265941
1029,-12.769510039865429,15.600924962617748
1030,-14.269746621952248,14.279556505277329
1031,-15.631918943179738,12.816265811409256
1032,-16.84287410681412,11.22556492236539
1033,-17.890987690450025,9.523152447016109
1034,-18.766266885283738,7.725752880977936
1035,-19.460436840583405,5.850947438888834
1036,-19.967009574912474,3.91699813849762
1037,-20.281334993279433,1.9426669155304233
1038,-20.400633728421344,-0.05296842930786812
1039,-20.324011703154007,-2.0506996451390234
1040,-20.052456487422983,-4.031373014181293
1041,-19.58881569671369,-5.976072139746783
1042,-18.937757846250616,-7.866296821215585
1043,-18.105716236443026,-9.684136359731209
1044,-17.100816597908867,-11.412435714606763
1045,-15.93278936785705,-13.034953020306947
1046,-14.612867602432184,-14.53650707636849
1047,-13.153671650707409,-15.903113536532123
1048,-11.56908182533523,-17.122108646666337
1049,-9.874100397947227,-18.182259515663606
1050,-8.084704332230505,-19.073860040172292
1051,-6.217690230857481,-19.78881175324659
1052,-4.290513026489107,-20.320689015238344
1053,-2.321119983290522,-20.664788119169945
1054,-0.32778159733145107,-20.818160037409207
1055,1.6710790089455412,-20.779626691169376
1056,3.657056610988565,-20.549780777643523
1057,5.611932760348145,-20.13096934007382
1058,7.5178414884518086,-19.527261412428736
1059,9.357430357321906,-18.744400211353994
1060,11.114015441083724,-17.789740482482518
1061,12.771728896415993,-16.672171734952183
1062,14.315657865429335,-15.402028216053438
1063,15.731973549766305,-13.990986586429475
1064,17.00804939901249,-12.45195235435596
1065,18.132567468663048,-10.798936214649476
1066,19.095612121753867,-9.046921513118498
1067,19.88875037266146,-7.211724120711654
1068,20.50509830029542,-5.309846052265391
1069,20.939373089689393,-3.3583242028551457
1070,21.18793039467711,-1.3745755999775153
1071,21.24878684862883,0.6237594177194333
1072,21.121627683975074,2.6189746846768505
1073,20.80779955325778,4.593454957821611
1074,20.310288773603347,6.529830558096648
1075,19.633685341718447,8.411128567582644
1076,18.784133186746164,10.220919293287803
1077,17.769267242616205,11.943456766867977
1078,16.59813802899229,13.563812117553011
1079,15.281124529745464,15.067998732657701
1080,13.829836249329825,16.44308820541145
1081,12.257005409860591,17.677316162563468
1082,10.57637032455253,18.760177163370052
1083,8.80255104598546,19.68250796620409
1084,6.950918440074215,20.436558568124195
1085,5.037457878366579,21.01605053529494
1086,3.078628772188534,21.416222257143502
1087,1.0912211921373398,21.633860873538957
1088,-0.9077891745070337,21.667320741074946
1089,-2.9013864775722182,21.516528420720185
1090,-4.87265933043215,21.182974283708663
1091,-6.804943393121655,20.66969094461578
1092,-8.681960728703872,19.98121883921749
1093,-10.487954791502567,19.12355936908823
1094,-12.207819956805892,18.10411613416771
1095,-13.82722456106382,16.931624867957556
1096,-15.332726488755759,15.61607277692172
1097,-16.711880416321986,14.16860806544787
1098,-17.95333590411394,12.601440499814904
1099,-19.04692561339951,10.92773392857376
1100,-19.983743016314065,9.161491732140163
1101,-20.756209061385785,7.317436220957207
1102,-21.358127355082033,5.4108830390318
1103,-21.784727519837997,3.4576116578529437
1104,-22.032696490390297,1.4737330645781723
1105,-22.10019761209536,-0.524444242087267
1106,-21.98687750641427,-2.52054883458986
1107,-21.693860769079237,-4.498280412889322
1108,-21.223732664816367,-6.441542247243701
1109,-20.580510078120415,-8.334570946457916
1110,-19.769601071730808,-10.16206252512922
1111,-18.79775349245044,-11.90929378575791
1112,-17.672993147144297,-13.562238081253696
1113,-16.40455214954702,-15.107674579882392
1114,-15.002788110391121,-16.53329021743766
1115,-13.479094908807722,-17.82777358986988
1116,-11.845805841592982,-18.980900113017647
1117,-10.116089998362849,-19.983607853885744
1118,-8.303842754573443,-20.828063519354306
1119,-6.423571310634486,-21.507718172594892
1120,-4.490276233698856,-22.01735233410501
1121,-2.5193299791223764,-22.35311021240461
1122,-0.5263533809569427,-22.51252289837653
1123,1.4729088947337685,-22.49452044623361
1124,3.462712943422837,-22.29943285247993
1125,5.4274392834310135,-21.928980031304288
1126,7.351714624605626,-21.3862509699446
1127,9.220530809969254,-20.675672330054823
1128,11.019360028834727,-19.80296684039467
1129,12.734265439384806,-18.775101901670034
1130,14.352006384347249,-17.600228895563202
1131,15.860137434759727,-16.2876137564095
1132,17.24710055338697,-14.847559425176367
1133,18.502309730641088,-13.29132086097279
1134,19.616227511321448,-11.631013334884441
1135,20.5804328992589,-9.879514774723466
1136,21.387680199797888,-8.05036296489437
1137,22.0319484330726,-6.157648437954
1138,22.5084810287257,-4.215903915726498
1139,22.813815589241003,-2.2399911757045183
1140,22.945803587378613,-0.2449862277156174
1141,22.903619941139123,1.7539363112590027
1142,22.687762487062198,3.741618760170883
1143,22.30004144885279,5.703034961516422
1144,21.743559072774868,7.623403057118741
1145,21.02267967341954,9.488295618977139
1146,20.14299040283843,11.283746331280314
1147,19.11125312214805,12.996352454544937
1148,17.935347817124022,14.613372342981652
1149,16.62420805758568,16.122817331279943
1150,15.187749054180767,17.513537356566225
1151,13.636788915132897,18.77529973497151
1152,11.982963749390787,19.89886056948532
1153,10.23863730109221,20.876028326194046
1154,8.41680583319579,21.699719179026967
1155,6.530999005312466,22.3640037883198
1156,4.595177512134087,22.864145245292796
1157,2.623628264293177,23.196627982447193
1158,0.6308579029797817,23.359177518380122
1159,-1.3685145567514003,23.350770974088782
1160,-3.3598651613609642,23.17163836599553
1161,-5.3286717482610975,22.823254748162302
1162,-7.260619198351141,22.308323342018312
1163,-9.141702459735253,21.630749855932898
1164,-10.95832661501458,20.795608258683774
1165,-12.697403293758233,19.809098329901836
1166,-14.346442765689414,18.678495366511324
1167,-15.893641088394558,17.412092476681263
1168,-17.32796172565098,16.019135941540224
1169,-18.639211098440462,14.50975416956205
1170,-19.818107579942733,12.894880808872177
1171,-20.856343497917358,11.186172618509046
1172,-21.746639762459477,9.39592273071831
1173,-22.48279279372922,7.536969962508099
1174,-23.05971348247724,5.622604855832649
1175,-23.473457975581248,3.6664731418223293
1176,-23.721250138931513,1.682477335407513
1177,-23.80149561042757,-0.3153228275320062
1178,-23.713787416133613,-2.312810397662815
1179,-23.458903182371415,-4.295910955848569
1180,-23.03879403529103,-6.2506913937358135
1181,-22.456565336853597,-8.163457046112471
1182,-21.716449461802103,-10.020846508573586
1183,-20.823770873727703,-11.809923497134605
1184,-19.784903809405474,-13.518265133774932
1185,-18.607222928866822,-15.134046073165534
1186,-17.29904733389181,-16.64611792080397
1187,-15.869578399467155,-18.044083431142457
1188,-14.328831901563905,-19.318365015319042
1189,-12.687564955436795,-20.46026713510559
1190,-10.957198319897289,-21.46203219768034
1191,-9.14973463159826,-22.316889628973577
1192,-7.277673173019834,-23.01909783893438
1193,-5.353921785134171,-23.5639788526435
1194,-3.391706552463524,-23.94794543075211
1195,-1.4044798966148158,-24.168520556308113
1196,0.5941722812219632,-24.22434921838076
1197,2.590623768338675,-24.115202476077734
1198,4.571300883031597,-23.841973839207
1199,6.52277436410184,-23.406668053620674
1200,8.431849692648665,-22.81238242984802
1201,10.285655248236491,-22.06328090265984
1202,12.071727722160007,-21.164561056386926
1203,13.778094234786478,-20.12241439585965
1204,15.393350631655204,-18.943980185465414
1205,16.906735463920402,-17.637293218778265
1206,18.308199192574122,-16.211225918271165
1207,19.588468192407923,-14.675425198580518
1208,20.73910317061476,-13.040244557447608
1209,21.752551655977427,-11.316671885665418
1210,22.62219425744162,-9.5162535109806
1211,23.34238443522548,-7.65101501082428
1212,23.90848157315948,-5.733379344886151
1213,24.31687718735402,-3.776082870869076
1214,24.5650141532579,-1.7920898151885776
1215,24.65139888035452,0.20549422501636735
1216,24.57560641085986,2.2035091714822657
1217,24.338278465505166,4.188827172002801
1218,23.94111450552148,6.1484385579750604
1219,23.38685592499145,8.06953649551817
1220,22.67926353152127,9.939599787322956
1221,21.823088515438098,11.746473299728608
1222,20.82403714818198,13.478445510079045
1223,19.68872948900818,15.124322693001837
1224,18.42465241528985,16.673499290740175
1225,17.040107325460117,18.116024041741156
1226,15.544152894717548,19.442661473249863
1227,13.946543291907536,20.644948397366807
1228,12.257662291322243,21.715245085685044
1229,10.488453735429657,22.6467808349567
1230,8.650348823609407,23.433693675016315
1231,6.755190717787524,24.071064010110483
1232,4.815156968376822,24.55494202558861
1233,2.8426802730514504,24.88236873334741
1234,0.8503680866596367,25.05139057118664
1235,-1.149078397005809,25.061067513075876
1236,-3.14294537180811,24.911474688984413
1237,-5.118587138669612,24.603697554116298
1238,-7.0635059096593995,24.139820687874938
1239,-8.965430199196861,23.522910342407428
1240,-10.812391318424554,22.756990898900927
1241,-12.59279750524702,21.847015426721494
1242,-14.29550524182914,20.798830575745452
1243,-15.909887333164736,19.61913606567692
1244,-17.42589734461964,18.315439067557687
1245,-18.834130022891287,16.89600380189045
1246,-20.12587735340438,15.369796704673911
1247,-21.293179937603558,13.746427537034872
1248,-22.328873405687176,12.036086835912077
1249,-23.226629613807656,10.249480122330375
1250,-23.980992409456675,8.397759300077771
1251,-24.587407784407166,6.49245169100058
1252,-25.04224827094687,4.545387163673683
1253,-25.342831474026408,2.5686238197529487
1254,-25.48743266907199,0.574372706966468
1255,-25.475291432382615,-1.425077970605782
1256,-25.306612307999135,-3.4174386755341377
1257,-24.982559551477653,-5.3904939279581265
1258,-24.505246026903915,-7.332176805964429
1259,-23.877716368539637,-9.230642106551844
1260,-23.103924552482898,-11.074337730596366
1261,-22.188706056473745,-12.852073869981702
1262,-21.137744817290148,-14.553089592256885
1263,-19.957535224873833,-16.167116437662592
1264,-18.6553394202812,-17.684438664925246
1265,-17.23914019055934,-19.09594980581469
1266,-15.717589777640795,-20.393205213799902
1267,-14.0999549401454,-21.568470319152343
1268,-12.396058626523587,-22.61476433127752
1269,-10.616218635140006,-23.525899158765014
1270,-8.771183651640413,-24.29651334840651
1271,-6.872067066189062,-24.922100876065688
1272,-4.930278982848661,-25.399034654591265
1273,-2.9574568405391104,-25.724584656718886
1274,-0.9653950695520531,-25.89693058394901
1275,1.0340257904053127,-25.915169045480656
1276,3.0289100852401463,-25.7793152442456
1277,5.0074177322390385,-25.490299199725854
1278,6.9578341798373105,-25.049956569357928
1279,8.868639232563511,-24.461014161751955
1280,10.728574342689114,-23.72707026549361
1281,12.526707982614306,-22.85256994679789
1282,14.252498726722376,-21.842775497573328
1283,15.895855688286835,-20.703732242282285
1284,17.44719597469381,-19.442229938105612
1285,18.89749884753987,-18.065760024626616
1286,20.238356291259525,-16.582469004782816
1287,21.462019722543253,-15.001108255510768
1288,22.5614425945437,-13.33098058683287
1289,23.53031867696472,-11.581883883625936
1290,24.363115820022387,-9.764052178475321
1291,25.055105038142027,-7.888094515933833
1292,25.602384777809696,-5.964931978192966
1293,26.001900263035687,-4.005733249636357
1294,26.251457841253806,-2.021849102937668
1295,26.349734281988734,-0.02474619231241973
1296,26.29628101011343,1.9740594597881997
1297,26.091523284810407,3.9630688977924584
1298,25.73675436428273,5.930866208928711
1299,25.234124724677127,7.866183664798996
1300,24.58662642940952,9.757965661482048
1301,23.79807277199476,11.595431100975802
1302,22.873073341411455,13.368133868755043
1303,21.817004683858283,15.06602107598294
1304,20.635976758341776,16.67948875044691
1305,19.33679540576834,18.199434677447694
1306,17.926921071971066,19.617308110565958
1307,16.414424044291668,20.9251560923212
1308,14.807936478877725,22.115666146089723
1309,13.116601511643628,23.182205123151935
1310,11.350019759829667,24.118854012227526
1311,9.518193533217644,24.92043854319792
1312,7.631469084264168,25.58255544176682
1313,5.700477234660052,26.101594217417478
1314,3.7360727221382475,26.474754393026334
1315,1.7492726156133473,26.700058110777295
1316,-0.24880585092408106,26.776358075384934
1317,-2.247007675007977,26.703340821975356
1318,-4.234202363675661,26.481525322120593
1319,-6.199345747240577,26.11225696733736
1320,-8.131540988714656,25.597696994709832
1321,-10.02009845600989,24.940807444034306
1322,-11.854594133071187,24.145331759891224
1323,-13.624926256851099,23.215771175191104
1324,-15.321369879386955,22.157357034910994
1325,-16.934629068153697,20.976019239812416
1326,-18.455886473213777,19.67835100981181
1327,-19.8768500063637,18.271570185277543
1328,-21.189796395424338,16.763477301730077
1329,-22.387611395859267,15.162410689192285
1330,-23.463826461970033,13.477198861672543
1331,-24.412651700876737,11.717110474896067
1332,-25.229004954190394,9.891802141425991
1333,-25.90853687465574,8.011264401593257
1334,-26.44765188780212,6.085766156567979
1335,-26.843524952198262,4.125797874798053
1336,-27.094114054774053,2.14201388904244
